label,text
ham,"Tranquilo, no pasa nada, lo resolvemos el lunes."
spam,"Marca al 809-555-0135 para reclamar tu premio de AmazPrime, oferta vence hoy"
spam,"Enhorabuena, tu número ganó la lotería de NetFlixPro. Contacta al 809-555-0155"
ham,"Carlos, ya llegué a el centro comercial, avísame cuando estés cerca."
spam,CLICK AQUI para reclamar tu premio de CryptoBoom antes de que caduque: http://claim-now.co
spam,"Oferta exclusiva solo hoy: 90% de descuento en TeleMovil, no te la pierdas http://claim-now.co"
ham,"Sofía, te comparto mis apuntes de la clase de en 20 minutos."
ham,¿Estás libre esta noche o mejor lo dejamos para a las 5?
spam,"FREE GIFT esperándote, no te lo pierdas, reclama en http://bit.ly/premio ahora"
ham,"Nos juntamos en la reunión el sábado, lleva tu laptop."
ham,El profesor movió la clase para el sábado.
ham,"María dice que la reunión es en el café de siempre, confírmame si puedes ir."
ham,"Fernanda dice que la reunión es en la universidad, confírmame si puedes ir."
spam,100% GRATIS: Descarga la app y gana $250 al instante http://claim-now.co
ham,"Tranquilo, no pasa nada, lo resolvemos en 20 minutos."
spam,"Marca al 809-555-0110 para reclamar tu premio de TeleMovil, oferta vence hoy"
ham,"Nos juntamos en la reunión mañana, lleva tu laptop."
spam,"Invierte $5,000 hoy y multiplica tus ganancias con CryptoBoom. Info: http://free-gift.win"
spam,"Aprovecha ya! Créditos aprobados al instante hasta $2,500, sin aval: www.reclama-ya.net"
ham,¿Vamos a comer algo a las 5? Tengo hambre.
ham,"Ya entregué el pago de $5,000 de la universidad, guardé el recibo."
spam,"¡FELICIDADES! Has ganado un premio de $10,000. Reclama ahora en http://free-gift.win"
spam,URGENTE: Tu cuenta de ClickPremio será suspendida. Verifica ya en www.oferta-flash.com
ham,"Recuerda que la tarea se entrega después de clase, no lo olvides."
ham,"Hola Andrés, ¿nos vemos a las 8am en el gimnasio?"
ham,"Fernanda, ya llegué a el café de siempre, avísame cuando estés cerca."
ham,"Voy a estar fuera de la ciudad el viernes, cualquier cosa me escribes."
ham,"Hola Carlos, ¿nos vemos mañana en la oficina?"
ham,"Oye Camila, ¿tienes en la tarde libre para hablar?"
ham,"El vuelo sale el sábado, nos vemos en el aeropuerto."
ham,"Nos juntamos en el café de siempre a las 5, lleva tu laptop."
ham,Te dejo el número de mi contador por si lo necesitas: 809-555-0154
ham,"Llámame cuando puedas, es sobre lo de la oficina."
spam,"Marca al 809-555-0103 para reclamar tu premio de ClickPremio, oferta vence hoy"
ham,Feliz cumpleaños Jorge! Que la pases increíble.
spam,"Oferta exclusiva solo hoy: 90% de descuento en BancoSeguro, no te la pierdas http://bit.ly/premio"
ham,"Todo listo para la presentación de después de clase, ¿nervioso?"
spam,"Invierte $5,000 hoy y multiplica tus ganancias con ClickPremio. Info: www.oferta-flash.com"
ham,"Vi que hay una promoción en el supermercado, ¿necesitas algo?"
ham,"Voy a estar fuera de la ciudad el sábado, cualquier cosa me escribes."
ham,"Nos juntamos en la reunión a las 8am, lleva tu laptop."
ham,"Andrés dice que la reunión es en la reunión, confírmame si puedes ir."
spam,ALERTA: actividad sospechosa detectada en tu cuenta. Ingresa a www.oferta-flash.com para verificar
spam,"Congratulations! You have won $10,000 with AmazPrime, claim now at http://gana-hoy.info"
ham,"Camila, te comparto mis apuntes de la clase de después de clase."
ham,¿Cómo estuvo tu día? Yo saliendo tarde de tu casa.
spam,"Tu suscripción de NetFlixPro fue cancelada, reactívala gratis en http://gana-hoy.info"
spam,"Trabaja desde casa y gana $99 semanales, inscríbete en http://bit.ly/premio"
spam,GANADOR: Tu número fue seleccionado para un premio de FastLoan. Click aquí: http://free-gift.win
spam,CLICK AQUI para reclamar tu premio de NetFlixPro antes de que caduque: http://free-gift.win
spam,GANADOR: Tu número fue seleccionado para un premio de NetFlixPro. Click aquí: www.oferta-flash.com
spam,¡FELICIDADES! Has ganado un premio de $250. Reclama ahora en http://gana-hoy.info
ham,"Sofía, te comparto mis apuntes de la clase de el sábado."
ham,Te dejo el número de mi contador por si lo necesitas: 809-555-0108
spam,"Marca al 809-555-0149 para reclamar tu premio de TeleMovil, oferta vence hoy"
spam,"Se le notifica que tiene una multa pendiente de $2,500, pague en http://claim-now.co"
spam,"Congratulations! You have won $99 with FastLoan, claim now at www.oferta-flash.com"
spam,"Últimas horas: crédito preaprobado de $1,000, deposito inmediato http://bit.ly/premio"
ham,"Hola Jorge, ¿nos vemos mañana en la universidad?"
spam,"Tu envío no pudo entregarse, reprograma pagando $10,000 en www.oferta-flash.com"
spam,CLICK AQUI para reclamar tu premio de FastLoan antes de que caduque: http://claim-now.co
spam,"Oferta exclusiva solo hoy: 90% de descuento en NetFlixPro, no te la pierdas http://gana-hoy.info"
spam,"Últimas horas: crédito preaprobado de $5,000, deposito inmediato www.oferta-flash.com"
spam,"Últimas horas: crédito preaprobado de $250, deposito inmediato http://claim-now.co"
ham,"Hola Andrés, ¿nos vemos después de clase en tu casa?"
ham,"Voy a estar fuera de la ciudad después de clase, cualquier cosa me escribes."
ham,"Pedro, ya llegué a el centro comercial, avísame cuando estés cerca."
ham,El profesor movió la clase para en 20 minutos.
ham,"Hola Ana, ¿nos vemos a las 5 en el gimnasio?"
ham,"Buen provecho, disfruta tu comida en el centro comercial."
spam,"Confirma tus datos bancarios para recibir tu reembolso de $5,000: www.oferta-flash.com"
spam,"Enhorabuena, tu número ganó la lotería de TeleMovil. Contacta al 809-555-0143"
ham,"Feliz aniversario, Miguel. Gracias por todo este tiempo juntos."
spam,"Última oportunidad: tu paquete está retenido, paga $10,000 de aduana aquí www.oferta-flash.com"
spam,"Consigue un préstamo de $99 en minutos, sin buros. Aplica en www.reclama-ya.net"
ham,"Pedro, te comparto mis apuntes de la clase de a las 5."
ham,"Hola Juan, ¿nos vemos en la tarde en el gimnasio?"
ham,"Hoy hay tráfico pesado camino a el gimnasio, sal con tiempo."
spam,"Cliente VIP, tienes acumulado $5,000 en puntos. Canjéalos en http://bit.ly/premio"
ham,"María, te comparto mis apuntes de la clase de el sábado."
ham,"Hola Andrés, ¿nos vemos en 20 minutos en la oficina?"
ham,"Ya entregué el pago de $1,000 de la universidad, guardé el recibo."
ham,"Oye Valentina, ¿tienes en 20 minutos libre para hablar?"
ham,"Ana dice que la reunión es en el café de siempre, confírmame si puedes ir."
ham,¿Puedes mandarme el archivo del reporte antes de en la tarde?
ham,"Sofía, ya llegué a tu casa, avísame cuando estés cerca."
ham,"Juan dice que la reunión es en la universidad, confírmame si puedes ir."
ham,"Nos juntamos en tu casa el sábado, lleva tu laptop."
ham,"María dice que la reunión es en la reunión, confírmame si puedes ir."
spam,IMPORTANTE: actualiza tu método de pago de CryptoBoom en http://claim-now.co o perderás el servicio
ham,"Laura, ya llegué a el gimnasio, avísame cuando estés cerca."
ham,"Valentina dice que la reunión es en la universidad, confírmame si puedes ir."
spam,"Señora/Señor, adeuda $10,000 al SAT, regularice en http://gana-hoy.info o proceda legal"
spam,"100% GRATIS: Descarga la app y gana $2,500 al instante http://bit.ly/premio"
ham,"Pedro, ya llegué a el café de siempre, avísame cuando estés cerca."
ham,Te dejo el número de mi contador por si lo necesitas: 809-555-0144
spam,URGENTE: Tu cuenta de CryptoBoom será suspendida. Verifica ya en www.reclama-ya.net
ham,"Andrés, ya llegué a la universidad, avísame cuando estés cerca."
ham,"El vuelo sale en 20 minutos, nos vemos en el aeropuerto."
ham,"Nos juntamos en el café de siempre en 20 minutos, lleva tu laptop."
spam,"Aprovecha ya! Créditos aprobados al instante hasta $500, sin aval: http://gana-hoy.info"
ham,"Nos juntamos en la reunión después de clase, lleva tu laptop."
ham,Te dejo el número de mi contador por si lo necesitas: 809-555-0128
spam,CLICK AQUI para reclamar tu premio de CryptoBoom antes de que caduque: http://gana-hoy.info
ham,"Hola Luis, ¿nos vemos a las 5 en tu casa?"
spam,GANADOR: Tu número fue seleccionado para un premio de MegaPromo. Click aquí: http://bit.ly/premio
ham,"Fernanda dice que la reunión es en el gimnasio, confírmame si puedes ir."
ham,"Nos juntamos en el centro comercial en la tarde, lleva tu laptop."
ham,"Luis, ya llegué a el café de siempre, avísame cuando estés cerca."
spam,"Enhorabuena, tu número ganó la lotería de ClickPremio. Contacta al 809-555-0105"
ham,Te dejo el número de mi contador por si lo necesitas: 809-555-0150
ham,"Nos juntamos en la oficina el viernes, lleva tu laptop."
ham,"Hola Carlos, ¿nos vemos mañana en tu casa?"
ham,Te dejo el número de mi contador por si lo necesitas: 809-555-0139
spam,"Congratulations! You have won $2,500 with FastLoan, claim now at http://free-gift.win"
ham,"El médico me dio cita mañana, no voy a poder ir a el café de siempre."
spam,Has sido preseleccionado para un iPhone GRATIS. Reclama en www.oferta-flash.com antes de que expire
ham,El profesor movió la clase para a las 5.
ham,"El médico me dio cita el sábado, no voy a poder ir a el centro comercial."
ham,Mi mamá pregunta si vienes a comer en la tarde.
ham,¿Puedes recoger a los niños mañana? Se me hizo tarde en el trabajo.
ham,Te dejo el número de mi contador por si lo necesitas: 809-555-0114
ham,"El médico me dio cita el viernes, no voy a poder ir a la oficina."
ham,"El médico me dio cita el sábado, no voy a poder ir a tu casa."
spam,"Señora/Señor, adeuda $99 al SAT, regularice en http://bit.ly/premio o proceda legal"
spam,"Consigue un préstamo de $10,000 en minutos, sin buros. Aplica en http://gana-hoy.info"
ham,"El médico me dio cita el lunes, no voy a poder ir a el gimnasio."
spam,"Solo por hoy: Compra 1 y lleva 2 en BancoSeguro, oferta valida en www.oferta-flash.com"
ham,"El vuelo sale a las 8am, nos vemos en el aeropuerto."
spam,"Oferta exclusiva solo hoy: 90% de descuento en SuperCredit, no te la pierdas www.oferta-flash.com"
ham,"Valentina, te comparto mis apuntes de la clase de el sábado."
ham,¿Vamos a comer algo el lunes? Tengo hambre.
ham,¿Puedes recoger a los niños el viernes? Se me hizo tarde en el trabajo.
spam,Confirma tus datos bancarios para recibir tu reembolso de $250: http://bit.ly/premio
ham,"Nos juntamos en tu casa a las 8am, lleva tu laptop."
ham,"Hola Laura, ¿nos vemos el viernes en el centro comercial?"
ham,Te dejo el número de mi contador por si lo necesitas: 809-555-0129
ham,Te dejo el número de mi contador por si lo necesitas: 809-555-0152
spam,"Consigue un préstamo de $10,000 en minutos, sin buros. Aplica en http://claim-now.co"
ham,"Oye Laura, ¿tienes en 20 minutos libre para hablar?"
ham,¿Me prestas $250 hasta el viernes? Te los devuelvo con la quincena.
ham,"Laura dice que la reunión es en la universidad, confírmame si puedes ir."
ham,"Oye Miguel, ¿tienes a las 8am libre para hablar?"
ham,"Laura, te comparto mis apuntes de la clase de después de clase."
ham,"Feliz aniversario, Laura. Gracias por todo este tiempo juntos."
ham,"Hola Miguel, ¿nos vemos el sábado en el centro comercial?"
ham,"Nos juntamos en el café de siempre el lunes, lleva tu laptop."
ham,¿Cómo estuvo tu día? Yo saliendo tarde de la universidad.
ham,"Carlos, ya llegué a el café de siempre, avísame cuando estés cerca."
ham,"El médico me dio cita a las 8am, no voy a poder ir a el centro comercial."
ham,"Oye Carlos, ¿tienes a las 5 libre para hablar?"
ham,El profesor movió la clase para el lunes.
ham,"El médico me dio cita el viernes, no voy a poder ir a tu casa."
ham,"Juan, te comparto mis apuntes de la clase de el lunes."
spam,"100% GRATIS: Descarga la app y gana $10,000 al instante www.oferta-flash.com"
ham,Te dejo el número de mi contador por si lo necesitas: 809-555-0153
ham,"Pedro, ya llegué a tu casa, avísame cuando estés cerca."
ham,"Diego, te comparto mis apuntes de la clase de el viernes."
ham,¿Puedes recoger a los niños el lunes? Se me hizo tarde en el trabajo.
spam,"Últimas horas: crédito preaprobado de $10,000, deposito inmediato http://claim-now.co"
ham,"Oye Laura, ¿tienes a las 8am libre para hablar?"
ham,"Hola Sofía, ¿nos vemos a las 8am en la reunión?"
ham,"Hoy hay tráfico pesado camino a el café de siempre, sal con tiempo."
spam,"Recibe $2,500 gratis al registrarte hoy en MegaPromo: http://free-gift.win"
spam,"Estimado cliente, verifique su tarjeta para evitar bloqueo: http://free-gift.win"
spam,"Solo por hoy: Compra 1 y lleva 2 en FastLoan, oferta valida en http://gana-hoy.info"
ham,"Tranquilo, no pasa nada, lo resolvemos después de clase."
ham,"Todo listo para la presentación de a las 5, ¿nervioso?"
ham,"Oye Pedro, ¿tienes a las 5 libre para hablar?"
ham,"Oye Sofía, ¿tienes mañana libre para hablar?"
ham,"Jorge dice que la reunión es en el centro comercial, confírmame si puedes ir."
ham,"Hola Ana, ¿nos vemos en la tarde en el centro comercial?"
ham,"Hola Pedro, ¿nos vemos a las 8am en la reunión?"
spam,"Congratulations! You have won $99 with BancoSeguro, claim now at www.reclama-ya.net"
ham,Te dejo el número de mi contador por si lo necesitas: 809-555-0137
ham,"Nos juntamos en la universidad después de clase, lleva tu laptop."
ham,"Hola Pedro, ¿nos vemos el lunes en el centro comercial?"
spam,"Oferta exclusiva solo hoy: 90% de descuento en TeleMovil, no te la pierdas www.oferta-flash.com"
ham,¿Vamos a comer algo a las 8am? Tengo hambre.
ham,"Tranquilo, no pasa nada, lo resolvemos el viernes."
ham,Te dejo el número de mi contador por si lo necesitas: 809-555-0127
ham,"Buen provecho, disfruta tu comida en la universidad."
spam,¡No lo pienses más! Gana $99 respondiendo esta encuesta: http://gana-hoy.info
ham,"Juan dice que la reunión es en el centro comercial, confírmame si puedes ir."
spam,"100% GRATIS: Descarga la app y gana $10,000 al instante http://claim-now.co"
ham,Te dejo el número de mi contador por si lo necesitas: 809-555-0133
ham,¿Qué opinas del nuevo horario de después de clase? A mí me acomoda bien.
ham,"Hola Valentina, ¿nos vemos a las 5 en la reunión?"
ham,¿Puedes recoger a los niños en la tarde? Se me hizo tarde en el trabajo.
spam,IMPORTANTE: actualiza tu método de pago de NetFlixPro en http://free-gift.win o perderás el servicio
spam,CLICK AQUI para reclamar tu premio de NetFlixPro antes de que caduque: http://bit.ly/premio
spam,"Trabaja desde casa y gana $5,000 semanales, inscríbete en www.oferta-flash.com"
spam,GANADOR: Tu número fue seleccionado para un premio de TeleMovil. Click aquí: http://claim-now.co
spam,"Congratulations! You have won $5,000 with NetFlixPro, claim now at www.reclama-ya.net"
ham,¿Cuánto quedó el total de la cena? Te transfiero mi parte.
spam,"Congratulations! You have won $10,000 with CryptoBoom, claim now at www.oferta-flash.com"
ham,"El médico me dio cita a las 5, no voy a poder ir a el café de siempre."
ham,Te dejo el número de mi contador por si lo necesitas: 809-555-0134
ham,"Sofía, ya llegué a el centro comercial, avísame cuando estés cerca."
spam,"Trabaja desde casa y gana $10,000 semanales, inscríbete en http://free-gift.win"
ham,"Camila, te comparto mis apuntes de la clase de el lunes."
ham,"Oye Laura, ¿tienes el viernes libre para hablar?"
spam,¡No lo pienses más! Gana $250 respondiendo esta encuesta: www.reclama-ya.net
spam,"Tu envío no pudo entregarse, reprograma pagando $1,000 en www.oferta-flash.com"
spam,Has sido preseleccionado para un iPhone GRATIS. Reclama en http://claim-now.co antes de que expire
ham,"El médico me dio cita a las 8am, no voy a poder ir a tu casa."
spam,"Señora/Señor, adeuda $250 al SAT, regularice en http://gana-hoy.info o proceda legal"
ham,¿Vamos a comer algo el viernes? Tengo hambre.
spam,"Solo por hoy: Compra 1 y lleva 2 en BancoSeguro, oferta valida en http://bit.ly/premio"
spam,CLICK AQUI para reclamar tu premio de ClickPremio antes de que caduque: http://gana-hoy.info
ham,"Oye Miguel, ¿tienes mañana libre para hablar?"
ham,"Camila dice que la reunión es en el centro comercial, confírmame si puedes ir."
ham,Te dejo el número de mi contador por si lo necesitas: 809-555-0106
ham,"Nos juntamos en el café de siempre en la tarde, lleva tu laptop."
spam,"Solo por hoy: Compra 1 y lleva 2 en AmazPrime, oferta valida en http://claim-now.co"
ham,"Oye Jorge, ¿tienes a las 5 libre para hablar?"
ham,"Hola Diego, ¿nos vemos en la tarde en la universidad?"
ham,"Nos juntamos en el gimnasio a las 5, lleva tu laptop."
spam,"Señora/Señor, adeuda $1,000 al SAT, regularice en http://claim-now.co o proceda legal"
spam,"Consigue un préstamo de $2,500 en minutos, sin buros. Aplica en www.reclama-ya.net"
ham,"Nos juntamos en la reunión el viernes, lleva tu laptop."
ham,"Diego, te comparto mis apuntes de la clase de a las 8am."
ham,¿Cómo estuvo tu día? Yo saliendo tarde de el centro comercial.
spam,IMPORTANTE: actualiza tu método de pago de SuperCredit en http://claim-now.co o perderás el servicio
spam,100% GRATIS: Descarga la app y gana $99 al instante http://free-gift.win
spam,URGENTE: Tu cuenta de CryptoBoom será suspendida. Verifica ya en http://bit.ly/premio
spam,"Solo por hoy: Compra 1 y lleva 2 en FastLoan, oferta valida en http://claim-now.co"
ham,"Oye Diego, ¿tienes después de clase libre para hablar?"
spam,"Invierte $1,000 hoy y multiplica tus ganancias con CryptoBoom. Info: www.oferta-flash.com"
ham,"Hola Sofía, ¿nos vemos a las 8am en el gimnasio?"
ham,"Diego, ya llegué a la oficina, avísame cuando estés cerca."
ham,"Fernanda dice que la reunión es en el café de siempre, confírmame si puedes ir."
spam,"Marca al 809-555-0121 para reclamar tu premio de GanaYa, oferta vence hoy"
spam,"Aprovecha ya! Créditos aprobados al instante hasta $500, sin aval: http://claim-now.co"
ham,"Nos juntamos en el gimnasio el sábado, lleva tu laptop."
ham,"Luis, te comparto mis apuntes de la clase de a las 5."
ham,"Ana dice que la reunión es en la universidad, confírmame si puedes ir."
spam,"GRATIS por tiempo limitado: Recarga $2,500 en tu celular. Entra a http://bit.ly/premio"
ham,"Nos juntamos en la universidad el sábado, lleva tu laptop."
spam,"Oferta exclusiva solo hoy: 90% de descuento en TeleMovil, no te la pierdas http://free-gift.win"
ham,"Fernanda dice que la reunión es en el centro comercial, confírmame si puedes ir."
ham,"Voy a estar fuera de la ciudad en la tarde, cualquier cosa me escribes."
spam,"Tu suscripción de GanaYa fue cancelada, reactívala gratis en www.oferta-flash.com"
ham,Te dejo el número de mi contador por si lo necesitas: 809-555-0116
ham,Feliz cumpleaños Miguel! Que la pases increíble.
ham,"Ana, te comparto mis apuntes de la clase de el viernes."
spam,"GRATIS por tiempo limitado: Recarga $1,000 en tu celular. Entra a http://free-gift.win"
spam,Recibe $99 gratis al registrarte hoy en MegaPromo: www.reclama-ya.net
ham,"Hola Valentina, ¿nos vemos el lunes en la oficina?"
ham,"Oye Andrés, ¿tienes en la tarde libre para hablar?"
ham,"Nos juntamos en el café de siempre mañana, lleva tu laptop."
ham,"El médico me dio cita el sábado, no voy a poder ir a la oficina."
spam,"100% GRATIS: Descarga la app y gana $1,000 al instante www.reclama-ya.net"
ham,¿Puedes recoger a los niños en 20 minutos? Se me hizo tarde en el trabajo.
ham,"El médico me dio cita a las 8am, no voy a poder ir a el café de siempre."
ham,"Feliz aniversario, Ana. Gracias por todo este tiempo juntos."
spam,¡FELICIDADES! Has ganado un premio de $500. Reclama ahora en http://free-gift.win
ham,"El médico me dio cita a las 5, no voy a poder ir a tu casa."
ham,"Oye Luis, ¿tienes el lunes libre para hablar?"
spam,"¡FELICIDADES! Has ganado un premio de $1,000. Reclama ahora en www.reclama-ya.net"
ham,"Oye Carlos, ¿tienes mañana libre para hablar?"
spam,"Congratulations! You have won $500 with SuperCredit, claim now at http://free-gift.win"
spam,"Última oportunidad: tu paquete está retenido, paga $10,000 de aduana aquí http://gana-hoy.info"
ham,"Carlos, te comparto mis apuntes de la clase de a las 5."
spam,"Se le notifica que tiene una multa pendiente de $10,000, pague en www.reclama-ya.net"
ham,"Camila, te comparto mis apuntes de la clase de el viernes."
ham,"Hola Diego, ¿nos vemos a las 5 en la oficina?"
spam,"GRATIS por tiempo limitado: Recarga $5,000 en tu celular. Entra a http://claim-now.co"
spam,IMPORTANTE: actualiza tu método de pago de NetFlixPro en www.oferta-flash.com o perderás el servicio
spam,Invierte $500 hoy y multiplica tus ganancias con MegaPromo. Info: http://free-gift.win
spam,"Se le notifica que tiene una multa pendiente de $10,000, pague en www.oferta-flash.com"
spam,"Señora/Señor, adeuda $2,500 al SAT, regularice en http://bit.ly/premio o proceda legal"
ham,Feliz cumpleaños Fernanda! Que la pases increíble.
ham,"Oye Ana, ¿tienes en 20 minutos libre para hablar?"
ham,"El vuelo sale a las 5, nos vemos en el aeropuerto."
ham,"Oye Ana, ¿tienes a las 8am libre para hablar?"
spam,"Recibe $5,000 gratis al registrarte hoy en NetFlixPro: www.reclama-ya.net"
ham,"Pedro dice que la reunión es en la universidad, confírmame si puedes ir."
ham,¿Cómo estuvo tu día? Yo saliendo tarde de el gimnasio.
spam,"Enhorabuena, tu número ganó la lotería de GanaYa. Contacta al 809-555-0139"
ham,"Hola Ana, ¿nos vemos después de clase en la oficina?"
spam,"Recibe $1,000 gratis al registrarte hoy en ClickPremio: http://free-gift.win"
ham,"Oye Valentina, ¿tienes el viernes libre para hablar?"
spam,IMPORTANTE: actualiza tu método de pago de NetFlixPro en www.reclama-ya.net o perderás el servicio
spam,GRATIS por tiempo limitado: Recarga $500 en tu celular. Entra a http://gana-hoy.info
spam,"FREE GIFT esperándote, no te lo pierdas, reclama en http://gana-hoy.info ahora"
ham,"Hola Laura, ¿nos vemos en 20 minutos en el gimnasio?"
spam,"Consigue un préstamo de $5,000 en minutos, sin buros. Aplica en www.oferta-flash.com"
ham,¿Cómo estuvo tu día? Yo saliendo tarde de la reunión.
ham,Mi mamá pregunta si vienes a comer en 20 minutos.
ham,"Oye Jorge, ¿tienes en la tarde libre para hablar?"
ham,"Hola Jorge, ¿nos vemos el lunes en la reunión?"
spam,"Oferta exclusiva solo hoy: 90% de descuento en MegaPromo, no te la pierdas http://claim-now.co"
ham,"El médico me dio cita mañana, no voy a poder ir a el gimnasio."
ham,"Buen provecho, disfruta tu comida en la oficina."
spam,"Trabaja desde casa y gana $99 semanales, inscríbete en http://gana-hoy.info"
ham,"Laura, te comparto mis apuntes de la clase de el lunes."
ham,"Hola Sofía, ¿nos vemos a las 5 en el gimnasio?"
spam,"Tu envío no pudo entregarse, reprograma pagando $500 en http://free-gift.win"
ham,"Hola Juan, ¿nos vemos después de clase en tu casa?"
ham,El profesor movió la clase para en la tarde.
ham,El profesor movió la clase para el viernes.
ham,"El médico me dio cita en 20 minutos, no voy a poder ir a tu casa."
ham,"Nos juntamos en el centro comercial el viernes, lleva tu laptop."
ham,"Nos juntamos en la universidad el lunes, lleva tu laptop."
spam,"Recibe $2,500 gratis al registrarte hoy en MegaPromo: http://claim-now.co"
ham,"Valentina, ya llegué a el café de siempre, avísame cuando estés cerca."
ham,Te dejo el número de mi contador por si lo necesitas: 809-555-0120
ham,"Llámame cuando puedas, es sobre lo de el gimnasio."
ham,"Nos juntamos en el café de siempre el sábado, lleva tu laptop."
spam,Has sido preseleccionado para un iPhone GRATIS. Reclama en www.reclama-ya.net antes de que expire
spam,"100% GRATIS: Descarga la app y gana $1,000 al instante www.oferta-flash.com"
ham,"María, ya llegué a tu casa, avísame cuando estés cerca."
ham,¿Puedes mandarme el archivo del reporte antes de en 20 minutos?
spam,"Recibe $10,000 gratis al registrarte hoy en AmazPrime: http://claim-now.co"
spam,"Últimas horas: crédito preaprobado de $250, deposito inmediato http://bit.ly/premio"
ham,"Nos juntamos en tu casa en la tarde, lleva tu laptop."
ham,"El médico me dio cita en la tarde, no voy a poder ir a el centro comercial."
spam,URGENTE: Tu cuenta de AmazPrime será suspendida. Verifica ya en http://bit.ly/premio
ham,"Feliz aniversario, Jorge. Gracias por todo este tiempo juntos."
ham,"Tranquilo, no pasa nada, lo resolvemos el sábado."
ham,"Voy a estar fuera de la ciudad a las 5, cualquier cosa me escribes."
spam,¡No lo pienses más! Gana $99 respondiendo esta encuesta: www.oferta-flash.com
spam,"Aprovecha ya! Créditos aprobados al instante hasta $2,500, sin aval: http://gana-hoy.info"
ham,"Perdón por no contestar antes, estaba en el centro comercial."
ham,"Jorge, te comparto mis apuntes de la clase de en la tarde."
spam,¡FELICIDADES! Has ganado un premio de $99. Reclama ahora en http://bit.ly/premio
spam,"GRATIS por tiempo limitado: Recarga $10,000 en tu celular. Entra a http://claim-now.co"
ham,"Oye Laura, ¿tienes a las 5 libre para hablar?"
ham,"Nos juntamos en la oficina a las 5, lleva tu laptop."
ham,"Hola Carlos, ¿nos vemos el lunes en el gimnasio?"
spam,Recibe $99 gratis al registrarte hoy en TeleMovil: http://free-gift.win
ham,"Jorge, ya llegué a la universidad, avísame cuando estés cerca."
spam,"Confirma tus datos bancarios para recibir tu reembolso de $5,000: www.reclama-ya.net"
ham,"El médico me dio cita mañana, no voy a poder ir a la reunión."
spam,"Trabaja desde casa y gana $1,000 semanales, inscríbete en www.reclama-ya.net"
ham,"El médico me dio cita en 20 minutos, no voy a poder ir a la oficina."
spam,"Enhorabuena, tu número ganó la lotería de CryptoBoom. Contacta al 809-555-0111"
ham,¿Estás libre esta noche o mejor lo dejamos para en la tarde?
ham,"Andrés, ya llegué a la reunión, avísame cuando estés cerca."
spam,"Últimas horas: crédito preaprobado de $500, deposito inmediato http://claim-now.co"
spam,Has sido preseleccionado para un iPhone GRATIS. Reclama en http://free-gift.win antes de que expire
ham,"Oye María, ¿tienes a las 8am libre para hablar?"
spam,"¡No lo pienses más! Gana $1,000 respondiendo esta encuesta: http://gana-hoy.info"
ham,"Nos juntamos en el gimnasio el viernes, lleva tu laptop."
ham,"Oye Diego, ¿tienes a las 8am libre para hablar?"
spam,¡FELICIDADES! Has ganado un premio de $99. Reclama ahora en www.reclama-ya.net
spam,"Recibe $1,000 gratis al registrarte hoy en BancoSeguro: www.reclama-ya.net"
spam,"Congratulations! You have won $500 with AmazPrime, claim now at www.oferta-flash.com"
ham,"Feliz aniversario, Pedro. Gracias por todo este tiempo juntos."
ham,¿Qué opinas del nuevo horario de el sábado? A mí me acomoda bien.
ham,"Oye María, ¿tienes en 20 minutos libre para hablar?"
ham,Te dejo el número de mi contador por si lo necesitas: 809-555-0145
ham,"Hola Sofía, ¿nos vemos el sábado en el café de siempre?"
spam,"Consigue un préstamo de $5,000 en minutos, sin buros. Aplica en http://claim-now.co"
ham,"Oye Jorge, ¿tienes el viernes libre para hablar?"
ham,"Nos juntamos en la reunión en la tarde, lleva tu laptop."
ham,"El médico me dio cita en la tarde, no voy a poder ir a tu casa."
ham,"Miguel, te comparto mis apuntes de la clase de mañana."
ham,"Feliz aniversario, Camila. Gracias por todo este tiempo juntos."
ham,¿Estás libre esta noche o mejor lo dejamos para el lunes?
spam,ALERTA: actividad sospechosa detectada en tu cuenta. Ingresa a http://bit.ly/premio para verificar
ham,"Pedro, te comparto mis apuntes de la clase de mañana."
ham,"Buen provecho, disfruta tu comida en el café de siempre."
ham,"Voy a estar fuera de la ciudad mañana, cualquier cosa me escribes."
spam,"Recibe $10,000 gratis al registrarte hoy en FastLoan: http://bit.ly/premio"
ham,Mi mamá pregunta si vienes a comer después de clase.
ham,Feliz cumpleaños Ana! Que la pases increíble.
spam,CLICK AQUI para reclamar tu premio de AmazPrime antes de que caduque: www.oferta-flash.com
ham,"Perdón por no contestar antes, estaba en el gimnasio."
ham,¿Cómo estuvo tu día? Yo saliendo tarde de el café de siempre.
ham,"Nos juntamos en el centro comercial a las 5, lleva tu laptop."
ham,¿Vamos a comer algo el sábado? Tengo hambre.
spam,"Marca al 809-555-0140 para reclamar tu premio de SuperCredit, oferta vence hoy"
ham,"Nos juntamos en el gimnasio después de clase, lleva tu laptop."
spam,"Últimas horas: crédito preaprobado de $2,500, deposito inmediato http://claim-now.co"
ham,"Hola Ana, ¿nos vemos el sábado en el gimnasio?"
spam,GANADOR: Tu número fue seleccionado para un premio de MegaPromo. Click aquí: http://claim-now.co
ham,"Oye Sofía, ¿tienes a las 5 libre para hablar?"
ham,"El médico me dio cita en la tarde, no voy a poder ir a el café de siempre."
spam,"Consigue un préstamo de $2,500 en minutos, sin buros. Aplica en http://bit.ly/premio"
ham,"Andrés, te comparto mis apuntes de la clase de el viernes."
ham,"Hola Valentina, ¿nos vemos en 20 minutos en la oficina?"
spam,"Última oportunidad: tu paquete está retenido, paga $5,000 de aduana aquí www.oferta-flash.com"
ham,"Oye María, ¿tienes el viernes libre para hablar?"
spam,"Congratulations! You have won $1,000 with MegaPromo, claim now at http://bit.ly/premio"
spam,"Consigue un préstamo de $1,000 en minutos, sin buros. Aplica en http://free-gift.win"
ham,¿Vamos a comer algo en 20 minutos? Tengo hambre.
spam,URGENTE: Tu cuenta de MegaPromo será suspendida. Verifica ya en http://claim-now.co
ham,"Juan, te comparto mis apuntes de la clase de a las 8am."
spam,"Marca al 809-555-0130 para reclamar tu premio de AmazPrime, oferta vence hoy"
ham,"Hola Fernanda, ¿nos vemos en la tarde en la reunión?"
ham,"Oye Juan, ¿tienes el lunes libre para hablar?"
ham,"Fernanda, te comparto mis apuntes de la clase de a las 8am."
ham,"Oye Sofía, ¿tienes el lunes libre para hablar?"
spam,"Invierte $10,000 hoy y multiplica tus ganancias con SuperCredit. Info: http://bit.ly/premio"
ham,"Recuerda que la tarea se entrega el viernes, no lo olvides."
ham,"Luis, ya llegué a la reunión, avísame cuando estés cerca."
ham,"El médico me dio cita después de clase, no voy a poder ir a la oficina."
spam,"Oferta exclusiva solo hoy: 90% de descuento en SuperCredit, no te la pierdas www.reclama-ya.net"
spam,"Aprovecha ya! Créditos aprobados al instante hasta $2,500, sin aval: www.oferta-flash.com"
ham,"Luis dice que la reunión es en la reunión, confírmame si puedes ir."
ham,"Juan dice que la reunión es en el gimnasio, confírmame si puedes ir."
ham,Feliz cumpleaños Diego! Que la pases increíble.
ham,"Valentina, ya llegué a el centro comercial, avísame cuando estés cerca."
ham,"Oye Valentina, ¿tienes el sábado libre para hablar?"
spam,"Enhorabuena, tu número ganó la lotería de NetFlixPro. Contacta al 809-555-0135"
ham,"Sofía dice que la reunión es en la oficina, confírmame si puedes ir."
spam,"Marca al 809-555-0140 para reclamar tu premio de FastLoan, oferta vence hoy"
spam,"Tu suscripción de CryptoBoom fue cancelada, reactívala gratis en http://bit.ly/premio"
ham,¿Vamos a comer algo después de clase? Tengo hambre.
spam,CLICK AQUI para reclamar tu premio de NetFlixPro antes de que caduque: http://gana-hoy.info
ham,"Feliz aniversario, Diego. Gracias por todo este tiempo juntos."
ham,"Oye Andrés, ¿tienes el viernes libre para hablar?"
ham,"María, te comparto mis apuntes de la clase de el lunes."
ham,"El médico me dio cita a las 5, no voy a poder ir a la reunión."
ham,¿Qué opinas del nuevo horario de a las 8am? A mí me acomoda bien.
ham,El internet estuvo fallando toda la mañana en la oficina.
ham,Feliz cumpleaños Luis! Que la pases increíble.
ham,Feliz cumpleaños Sofía! Que la pases increíble.
ham,"Hola Diego, ¿nos vemos el sábado en el café de siempre?"
ham,"Hola Andrés, ¿nos vemos el lunes en el gimnasio?"
spam,"Consigue un préstamo de $5,000 en minutos, sin buros. Aplica en www.reclama-ya.net"
spam,"Estimado cliente, verifique su tarjeta para evitar bloqueo: http://claim-now.co"
ham,"Todo listo para la presentación de en la tarde, ¿nervioso?"
spam,"Marca al 809-555-0113 para reclamar tu premio de BancoSeguro, oferta vence hoy"
ham,"Andrés, te comparto mis apuntes de la clase de a las 5."
ham,¿Qué opinas del nuevo horario de mañana? A mí me acomoda bien.
ham,"Nos juntamos en el café de siempre a las 8am, lleva tu laptop."
spam,"Cliente VIP, tienes acumulado $10,000 en puntos. Canjéalos en http://gana-hoy.info"
ham,"Hola María, ¿nos vemos a las 5 en la universidad?"
ham,Te dejo el número de mi contador por si lo necesitas: 809-555-0112
ham,"Hola Andrés, ¿nos vemos en la tarde en tu casa?"
ham,"María, te comparto mis apuntes de la clase de el viernes."
ham,¿Me prestas $500 hasta el viernes? Te los devuelvo con la quincena.
spam,URGENTE: Tu cuenta de NetFlixPro será suspendida. Verifica ya en http://claim-now.co
spam,"Oferta exclusiva solo hoy: 90% de descuento en ClickPremio, no te la pierdas http://bit.ly/premio"
spam,¡FELICIDADES! Has ganado un premio de $500. Reclama ahora en http://claim-now.co
ham,"Oye Pedro, ¿tienes el sábado libre para hablar?"
spam,"Marca al 809-555-0119 para reclamar tu premio de TeleMovil, oferta vence hoy"
ham,"Ya entregué el pago de $10,000 de la universidad, guardé el recibo."
ham,"Oye Andrés, ¿tienes a las 5 libre para hablar?"
spam,"Cliente VIP, tienes acumulado $500 en puntos. Canjéalos en http://claim-now.co"
spam,"Oferta exclusiva solo hoy: 90% de descuento en NetFlixPro, no te la pierdas www.reclama-ya.net"
ham,"El médico me dio cita el viernes, no voy a poder ir a la reunión."
ham,"Sofía, ya llegué a el café de siempre, avísame cuando estés cerca."
ham,"Valentina, te comparto mis apuntes de la clase de a las 5."
spam,IMPORTANTE: actualiza tu método de pago de GanaYa en http://free-gift.win o perderás el servicio
ham,"Oye Jorge, ¿tienes a las 8am libre para hablar?"
spam,"GRATIS por tiempo limitado: Recarga $10,000 en tu celular. Entra a http://bit.ly/premio"
ham,Mi mamá pregunta si vienes a comer el lunes.
ham,"Hoy hay tráfico pesado camino a la universidad, sal con tiempo."
ham,"Laura dice que la reunión es en la reunión, confírmame si puedes ir."
spam,URGENTE: Tu cuenta de NetFlixPro será suspendida. Verifica ya en www.reclama-ya.net
spam,"Última oportunidad: tu paquete está retenido, paga $99 de aduana aquí http://bit.ly/premio"
ham,"Oye Carlos, ¿tienes a las 8am libre para hablar?"
spam,"Aprovecha ya! Créditos aprobados al instante hasta $2,500, sin aval: http://bit.ly/premio"
ham,Te dejo el número de mi contador por si lo necesitas: 809-555-0119
spam,GRATIS por tiempo limitado: Recarga $500 en tu celular. Entra a http://free-gift.win
ham,El internet estuvo fallando toda la mañana en el café de siempre.
ham,"Oye Laura, ¿tienes el sábado libre para hablar?"
ham,"Oye Juan, ¿tienes después de clase libre para hablar?"
spam,ALERTA: actividad sospechosa detectada en tu cuenta. Ingresa a http://free-gift.win para verificar
ham,"Perdón por no contestar antes, estaba en la reunión."
spam,"100% GRATIS: Descarga la app y gana $1,000 al instante http://gana-hoy.info"
ham,"Oye Diego, ¿tienes mañana libre para hablar?"
ham,Te dejo el número de mi contador por si lo necesitas: 809-555-0159
spam,"Oferta exclusiva solo hoy: 90% de descuento en AmazPrime, no te la pierdas www.reclama-ya.net"
ham,"Ya entregué el pago de $2,500 de la universidad, guardé el recibo."
ham,"Laura, ya llegué a el café de siempre, avísame cuando estés cerca."
ham,Te dejo el número de mi contador por si lo necesitas: 809-555-0135
spam,"Última oportunidad: tu paquete está retenido, paga $10,000 de aduana aquí http://claim-now.co"
ham,"Recuerda que la tarea se entrega mañana, no lo olvides."
ham,"Recuerda que la tarea se entrega a las 8am, no lo olvides."
ham,"Laura, ya llegué a la reunión, avísame cuando estés cerca."
spam,"Enhorabuena, tu número ganó la lotería de MegaPromo. Contacta al 809-555-0103"
ham,El internet estuvo fallando toda la mañana en la universidad.
ham,"Camila dice que la reunión es en tu casa, confírmame si puedes ir."
ham,"Pedro, te comparto mis apuntes de la clase de el lunes."
ham,"Juan, ya llegué a la reunión, avísame cuando estés cerca."
ham,"Nos juntamos en el café de siempre después de clase, lleva tu laptop."
ham,"El médico me dio cita en la tarde, no voy a poder ir a el gimnasio."
spam,"Se le notifica que tiene una multa pendiente de $500, pague en http://free-gift.win"
ham,"Laura, ya llegué a la universidad, avísame cuando estés cerca."
ham,"El médico me dio cita en la tarde, no voy a poder ir a la reunión."
spam,"Aprovecha ya! Créditos aprobados al instante hasta $1,000, sin aval: http://gana-hoy.info"
spam,"¡FELICIDADES! Has ganado un premio de $5,000. Reclama ahora en http://bit.ly/premio"
ham,"El médico me dio cita en 20 minutos, no voy a poder ir a el café de siempre."
spam,URGENTE: Tu cuenta de FastLoan será suspendida. Verifica ya en http://claim-now.co
spam,"Confirma tus datos bancarios para recibir tu reembolso de $2,500: www.reclama-ya.net"
ham,"Hola Carlos, ¿nos vemos después de clase en la oficina?"
ham,"Hoy hay tráfico pesado camino a la reunión, sal con tiempo."
ham,"Perdón por no contestar antes, estaba en tu casa."
ham,"María, ya llegué a la oficina, avísame cuando estés cerca."
ham,"Hola Valentina, ¿nos vemos el sábado en el gimnasio?"
spam,"Congratulations! You have won $250 with SuperCredit, claim now at http://bit.ly/premio"
ham,"Nos juntamos en la reunión el lunes, lleva tu laptop."
spam,"GRATIS por tiempo limitado: Recarga $10,000 en tu celular. Entra a www.oferta-flash.com"
ham,"Miguel, ya llegué a la oficina, avísame cuando estés cerca."
ham,"Hola Valentina, ¿nos vemos a las 8am en la oficina?"
ham,"Carlos dice que la reunión es en la reunión, confírmame si puedes ir."
ham,El profesor movió la clase para a las 8am.
ham,¿Puedes recoger a los niños el sábado? Se me hizo tarde en el trabajo.
spam,"Consigue un préstamo de $500 en minutos, sin buros. Aplica en www.reclama-ya.net"
ham,Te dejo el número de mi contador por si lo necesitas: 809-555-0111
ham,"Hola Miguel, ¿nos vemos el viernes en el gimnasio?"
ham,¿Estás libre esta noche o mejor lo dejamos para a las 8am?
spam,"Marca al 809-555-0110 para reclamar tu premio de FastLoan, oferta vence hoy"
ham,"Ya pagué la renta de este mes, quedamos a mano."
ham,"Nos juntamos en el gimnasio mañana, lleva tu laptop."
ham,"Hola María, ¿nos vemos a las 8am en el café de siempre?"
ham,"Oye Andrés, ¿tienes el lunes libre para hablar?"
ham,"Miguel, ya llegué a tu casa, avísame cuando estés cerca."
spam,"Congratulations! You have won $1,000 with NetFlixPro, claim now at www.reclama-ya.net"
ham,Te dejo el número de mi contador por si lo necesitas: 809-555-0107
ham,Feliz cumpleaños Laura! Que la pases increíble.
spam,"Cliente VIP, tienes acumulado $5,000 en puntos. Canjéalos en http://gana-hoy.info"
spam,ALERTA: actividad sospechosa detectada en tu cuenta. Ingresa a http://claim-now.co para verificar
ham,"Nos juntamos en el gimnasio en la tarde, lleva tu laptop."
ham,"Valentina, te comparto mis apuntes de la clase de en la tarde."
ham,"Hola Camila, ¿nos vemos en 20 minutos en la reunión?"
ham,Te dejo el número de mi contador por si lo necesitas: 809-555-0132
ham,Feliz cumpleaños Andrés! Que la pases increíble.
ham,"Carlos, te comparto mis apuntes de la clase de el lunes."
ham,¿Estás libre esta noche o mejor lo dejamos para después de clase?
ham,Mi mamá pregunta si vienes a comer a las 8am.
spam,URGENTE: Tu cuenta de GanaYa será suspendida. Verifica ya en www.reclama-ya.net
ham,"Gracias por tu ayuda con el proyecto, quedó muy bien."
ham,Te dejo el número de mi contador por si lo necesitas: 809-555-0101
ham,"Oye María, ¿tienes el sábado libre para hablar?"
spam,"Congratulations! You have won $5,000 with GanaYa, claim now at http://gana-hoy.info"
ham,"Miguel, ya llegué a la universidad, avísame cuando estés cerca."
ham,"Hola Pedro, ¿nos vemos en 20 minutos en el gimnasio?"
ham,"El médico me dio cita el viernes, no voy a poder ir a la universidad."
spam,"Estimado cliente, verifique su tarjeta para evitar bloqueo: http://gana-hoy.info"
ham,"Jorge, ya llegué a el centro comercial, avísame cuando estés cerca."
spam,"Consigue un préstamo de $250 en minutos, sin buros. Aplica en http://bit.ly/premio"
spam,CLICK AQUI para reclamar tu premio de SuperCredit antes de que caduque: http://bit.ly/premio
ham,"El médico me dio cita el lunes, no voy a poder ir a la oficina."
spam,"Cliente VIP, tienes acumulado $2,500 en puntos. Canjéalos en http://claim-now.co"
spam,Invierte $250 hoy y multiplica tus ganancias con GanaYa. Info: http://bit.ly/premio
ham,Te dejo el número de mi contador por si lo necesitas: 809-555-0143
spam,"Aprovecha ya! Créditos aprobados al instante hasta $2,500, sin aval: http://free-gift.win"
spam,GANADOR: Tu número fue seleccionado para un premio de FastLoan. Click aquí: www.oferta-flash.com
spam,"Recibe $5,000 gratis al registrarte hoy en BancoSeguro: http://free-gift.win"
ham,Te dejo el número de mi contador por si lo necesitas: 809-555-0123
ham,"Tranquilo, no pasa nada, lo resolvemos en la tarde."
ham,"El equipo terminó el sprint a tiempo, buen trabajo a todos."
spam,"Marca al 809-555-0158 para reclamar tu premio de FastLoan, oferta vence hoy"
spam,"Enhorabuena, tu número ganó la lotería de TeleMovil. Contacta al 809-555-0139"
ham,Te dejo el número de mi contador por si lo necesitas: 809-555-0147
spam,"Estimado cliente, verifique su tarjeta para evitar bloqueo: www.oferta-flash.com"
ham,"Perdón por no contestar antes, estaba en la oficina."
ham,"Juan, ya llegué a el gimnasio, avísame cuando estés cerca."
ham,"Recuerda que la tarea se entrega a las 5, no lo olvides."
spam,GANADOR: Tu número fue seleccionado para un premio de CryptoBoom. Click aquí: http://gana-hoy.info
ham,"Camila dice que la reunión es en el gimnasio, confírmame si puedes ir."
ham,"El médico me dio cita en la tarde, no voy a poder ir a la universidad."
ham,"Nos juntamos en el gimnasio a las 8am, lleva tu laptop."
ham,"Jorge dice que la reunión es en el café de siempre, confírmame si puedes ir."
ham,Feliz cumpleaños Pedro! Que la pases increíble.
ham,"Excelente clase hoy, aprendí bastante sobre el tema."
spam,¡FELICIDADES! Has ganado un premio de $500. Reclama ahora en http://gana-hoy.info
spam,"Congratulations! You have won $500 with AmazPrime, claim now at http://claim-now.co"
spam,"Consigue un préstamo de $99 en minutos, sin buros. Aplica en http://bit.ly/premio"
ham,Te dejo el número de mi contador por si lo necesitas: 809-555-0113
ham,"Diego, ya llegué a el café de siempre, avísame cuando estés cerca."
spam,"Última oportunidad: tu paquete está retenido, paga $500 de aduana aquí www.oferta-flash.com"
spam,"¡FELICIDADES! Has ganado un premio de $2,500. Reclama ahora en www.oferta-flash.com"
spam,"Estimado cliente, verifique su tarjeta para evitar bloqueo: http://bit.ly/premio"
spam,"Aprovecha ya! Créditos aprobados al instante hasta $10,000, sin aval: http://free-gift.win"
spam,"Últimas horas: crédito preaprobado de $500, deposito inmediato http://gana-hoy.info"
ham,"Valentina dice que la reunión es en el centro comercial, confírmame si puedes ir."
spam,"Oferta exclusiva solo hoy: 90% de descuento en MegaPromo, no te la pierdas http://gana-hoy.info"
ham,"Miguel, ya llegué a el gimnasio, avísame cuando estés cerca."
ham,"Andrés dice que la reunión es en la universidad, confírmame si puedes ir."
ham,"Valentina, te comparto mis apuntes de la clase de después de clase."
ham,Te dejo el número de mi contador por si lo necesitas: 809-555-0148
ham,"Hola Luis, ¿nos vemos el viernes en tu casa?"
ham,Feliz cumpleaños María! Que la pases increíble.
spam,URGENTE: Tu cuenta de SuperCredit será suspendida. Verifica ya en http://bit.ly/premio
spam,"Enhorabuena, tu número ganó la lotería de TeleMovil. Contacta al 809-555-0118"
spam,"¡No lo pienses más! Gana $10,000 respondiendo esta encuesta: www.reclama-ya.net"
spam,GANADOR: Tu número fue seleccionado para un premio de FastLoan. Click aquí: http://claim-now.co
ham,"Feliz aniversario, Fernanda. Gracias por todo este tiempo juntos."
ham,"Hola Camila, ¿nos vemos a las 5 en la oficina?"
spam,URGENTE: Tu cuenta de BancoSeguro será suspendida. Verifica ya en http://claim-now.co
ham,"Luis dice que la reunión es en tu casa, confírmame si puedes ir."
ham,"Oye Juan, ¿tienes en la tarde libre para hablar?"
ham,"Luis, ya llegué a el gimnasio, avísame cuando estés cerca."
ham,Te dejo el número de mi contador por si lo necesitas: 809-555-0122
spam,"Últimas horas: crédito preaprobado de $99, deposito inmediato http://claim-now.co"
ham,"Hola Andrés, ¿nos vemos mañana en la universidad?"
spam,"Última oportunidad: tu paquete está retenido, paga $500 de aduana aquí http://bit.ly/premio"
ham,"Jorge dice que la reunión es en la reunión, confírmame si puedes ir."
ham,"Jorge dice que la reunión es en tu casa, confírmame si puedes ir."
ham,"Nos juntamos en el centro comercial el sábado, lleva tu laptop."
ham,"Todo listo para la presentación de a las 8am, ¿nervioso?"
ham,"Todo listo para la presentación de mañana, ¿nervioso?"
spam,ALERTA: actividad sospechosa detectada en tu cuenta. Ingresa a http://gana-hoy.info para verificar
spam,Confirma tus datos bancarios para recibir tu reembolso de $99: www.oferta-flash.com
ham,"Fernanda dice que la reunión es en tu casa, confírmame si puedes ir."
ham,Te dejo el número de mi contador por si lo necesitas: 809-555-0155
spam,"FREE GIFT esperándote, no te lo pierdas, reclama en www.oferta-flash.com ahora"
spam,"Cliente VIP, tienes acumulado $5,000 en puntos. Canjéalos en http://free-gift.win"
spam,"100% GRATIS: Descarga la app y gana $10,000 al instante http://bit.ly/premio"
spam,"¡FELICIDADES! Has ganado un premio de $10,000. Reclama ahora en www.reclama-ya.net"
spam,"Enhorabuena, tu número ganó la lotería de SuperCredit. Contacta al 809-555-0149"
spam,"¡No lo pienses más! Gana $1,000 respondiendo esta encuesta: http://bit.ly/premio"
ham,"El médico me dio cita el viernes, no voy a poder ir a el café de siempre."
ham,Te dejo el número de mi contador por si lo necesitas: 809-555-0105
spam,"Se le notifica que tiene una multa pendiente de $2,500, pague en www.oferta-flash.com"
ham,"Llámame cuando puedas, es sobre lo de la reunión."
ham,"Hola Camila, ¿nos vemos en 20 minutos en el centro comercial?"
ham,"Nos juntamos en la universidad a las 8am, lleva tu laptop."
ham,"Oye Camila, ¿tienes después de clase libre para hablar?"
spam,Confirma tus datos bancarios para recibir tu reembolso de $500: http://bit.ly/premio
spam,"Invierte $2,500 hoy y multiplica tus ganancias con BancoSeguro. Info: http://bit.ly/premio"
ham,"Hola Andrés, ¿nos vemos en la tarde en el centro comercial?"
spam,"Trabaja desde casa y gana $10,000 semanales, inscríbete en www.oferta-flash.com"
ham,¿Qué opinas del nuevo horario de a las 5? A mí me acomoda bien.
ham,"Nos juntamos en la oficina el sábado, lleva tu laptop."
ham,"Nos juntamos en la universidad el viernes, lleva tu laptop."
ham,"María dice que la reunión es en la universidad, confírmame si puedes ir."
spam,"Invierte $10,000 hoy y multiplica tus ganancias con BancoSeguro. Info: www.oferta-flash.com"
ham,"María dice que la reunión es en la oficina, confírmame si puedes ir."
ham,"Hola Fernanda, ¿nos vemos en 20 minutos en el gimnasio?"
spam,"Estimado cliente, verifique su tarjeta para evitar bloqueo: www.reclama-ya.net"
spam,"Se le notifica que tiene una multa pendiente de $1,000, pague en http://free-gift.win"
ham,"Pedro, te comparto mis apuntes de la clase de el sábado."
ham,"Ana, te comparto mis apuntes de la clase de mañana."
ham,"Carlos dice que la reunión es en el gimnasio, confírmame si puedes ir."
spam,"Marca al 809-555-0154 para reclamar tu premio de AmazPrime, oferta vence hoy"
ham,"Hola Andrés, ¿nos vemos a las 5 en el centro comercial?"
ham,"Nos juntamos en el centro comercial después de clase, lleva tu laptop."
ham,"Oye Juan, ¿tienes mañana libre para hablar?"
ham,"Valentina dice que la reunión es en tu casa, confírmame si puedes ir."
ham,"Oye Carlos, ¿tienes en 20 minutos libre para hablar?"
ham,"Oye Valentina, ¿tienes después de clase libre para hablar?"
ham,Te dejo el número de mi contador por si lo necesitas: 809-555-0102
ham,"Oye Luis, ¿tienes después de clase libre para hablar?"
ham,"El médico me dio cita a las 5, no voy a poder ir a la universidad."
spam,"Aprovecha ya! Créditos aprobados al instante hasta $1,000, sin aval: http://free-gift.win"
ham,"Feliz aniversario, Valentina. Gracias por todo este tiempo juntos."
ham,"Laura, te comparto mis apuntes de la clase de en la tarde."
ham,¿Vamos a comer algo en la tarde? Tengo hambre.
ham,"Hola Miguel, ¿nos vemos el lunes en el gimnasio?"
spam,"Aprovecha ya! Créditos aprobados al instante hasta $10,000, sin aval: www.reclama-ya.net"
spam,"Cliente VIP, tienes acumulado $2,500 en puntos. Canjéalos en http://bit.ly/premio"
spam,"Se le notifica que tiene una multa pendiente de $500, pague en http://gana-hoy.info"
ham,"Sofía, te comparto mis apuntes de la clase de el viernes."
spam,"Últimas horas: crédito preaprobado de $5,000, deposito inmediato http://free-gift.win"
ham,"Pedro dice que la reunión es en el gimnasio, confírmame si puedes ir."
ham,"Oye Pedro, ¿tienes el viernes libre para hablar?"
spam,"Aprovecha ya! Créditos aprobados al instante hasta $5,000, sin aval: http://free-gift.win"
ham,Te dejo el número de mi contador por si lo necesitas: 809-555-0126
ham,"El médico me dio cita en 20 minutos, no voy a poder ir a la reunión."
ham,"Oye Camila, ¿tienes el lunes libre para hablar?"
ham,"¿Me prestas $10,000 hasta el viernes? Te los devuelvo con la quincena."
ham,El internet estuvo fallando toda la mañana en el gimnasio.
spam,"Recibe $1,000 gratis al registrarte hoy en ClickPremio: www.oferta-flash.com"
ham,¿Estás libre esta noche o mejor lo dejamos para en 20 minutos?
ham,¿Estás libre esta noche o mejor lo dejamos para el viernes?
spam,"Cliente VIP, tienes acumulado $5,000 en puntos. Canjéalos en www.reclama-ya.net"
ham,"Nos juntamos en tu casa el viernes, lleva tu laptop."
spam,"Consigue un préstamo de $10,000 en minutos, sin buros. Aplica en www.reclama-ya.net"
spam,"Oferta exclusiva solo hoy: 90% de descuento en SuperCredit, no te la pierdas http://free-gift.win"
spam,"Solo por hoy: Compra 1 y lleva 2 en NetFlixPro, oferta valida en http://claim-now.co"
ham,"Oye Ana, ¿tienes en la tarde libre para hablar?"
ham,"Todo listo para la presentación de el lunes, ¿nervioso?"
spam,"Tu suscripción de CryptoBoom fue cancelada, reactívala gratis en www.oferta-flash.com"
ham,"El vuelo sale mañana, nos vemos en el aeropuerto."
ham,"Recuerda que la tarea se entrega el lunes, no lo olvides."
ham,"Oye Valentina, ¿tienes a las 5 libre para hablar?"
ham,"Ya subí las fotos del viaje, échales un ojo cuando puedas."
spam,"Enhorabuena, tu número ganó la lotería de AmazPrime. Contacta al 809-555-0113"
spam,GANADOR: Tu número fue seleccionado para un premio de AmazPrime. Click aquí: www.reclama-ya.net
ham,"Luis dice que la reunión es en el centro comercial, confírmame si puedes ir."
ham,"El médico me dio cita en 20 minutos, no voy a poder ir a el centro comercial."
ham,"Miguel, ya llegué a el centro comercial, avísame cuando estés cerca."
ham,"Todo listo para la presentación de en 20 minutos, ¿nervioso?"
ham,¿Qué opinas del nuevo horario de en la tarde? A mí me acomoda bien.
ham,"Hola Sofía, ¿nos vemos mañana en el centro comercial?"
ham,"Oye Sofía, ¿tienes en 20 minutos libre para hablar?"
ham,"Perdón por no contestar antes, estaba en el café de siempre."
ham,"Sofía, te comparto mis apuntes de la clase de mañana."
ham,"El médico me dio cita el sábado, no voy a poder ir a el café de siempre."
spam,"Cliente VIP, tienes acumulado $99 en puntos. Canjéalos en http://claim-now.co"
ham,"Oye Valentina, ¿tienes el lunes libre para hablar?"
ham,"Valentina dice que la reunión es en la oficina, confírmame si puedes ir."
spam,Confirma tus datos bancarios para recibir tu reembolso de $250: www.oferta-flash.com
ham,"Ya entregué el pago de $99 de la universidad, guardé el recibo."
spam,"Última oportunidad: tu paquete está retenido, paga $1,000 de aduana aquí http://bit.ly/premio"
ham,"Nos juntamos en el centro comercial a las 8am, lleva tu laptop."
spam,"GRATIS por tiempo limitado: Recarga $2,500 en tu celular. Entra a www.reclama-ya.net"
ham,"Recuerda que la tarea se entrega en la tarde, no lo olvides."
ham,Te dejo el número de mi contador por si lo necesitas: 809-555-0149
ham,El internet estuvo fallando toda la mañana en tu casa.
ham,Feliz cumpleaños Valentina! Que la pases increíble.
ham,¿Puedes mandarme el archivo del reporte antes de el viernes?
ham,"¿Me prestas $2,500 hasta el viernes? Te los devuelvo con la quincena."
spam,"Congratulations! You have won $5,000 with TeleMovil, claim now at http://bit.ly/premio"
ham,¿Qué opinas del nuevo horario de en 20 minutos? A mí me acomoda bien.
ham,"Carlos dice que la reunión es en el café de siempre, confírmame si puedes ir."
ham,"Hola Valentina, ¿nos vemos a las 8am en el gimnasio?"
spam,"¡FELICIDADES! Has ganado un premio de $1,000. Reclama ahora en http://gana-hoy.info"
ham,"Hola Fernanda, ¿nos vemos el sábado en tu casa?"
ham,"El vuelo sale después de clase, nos vemos en el aeropuerto."
ham,"Llámame cuando puedas, es sobre lo de tu casa."
spam,"Última oportunidad: tu paquete está retenido, paga $10,000 de aduana aquí http://free-gift.win"
ham,"Oye Sofía, ¿tienes el sábado libre para hablar?"
ham,"Pedro, ya llegué a la universidad, avísame cuando estés cerca."
ham,"Sofía dice que la reunión es en tu casa, confírmame si puedes ir."
ham,"Sofía, ya llegué a la reunión, avísame cuando estés cerca."
ham,"Feliz aniversario, Carlos. Gracias por todo este tiempo juntos."
spam,"Enhorabuena, tu número ganó la lotería de AmazPrime. Contacta al 809-555-0116"
ham,Te dejo el número de mi contador por si lo necesitas: 809-555-0141
spam,"Oferta exclusiva solo hoy: 90% de descuento en ClickPremio, no te la pierdas www.reclama-ya.net"
ham,"Hola Camila, ¿nos vemos el lunes en el café de siempre?"
ham,"El médico me dio cita a las 5, no voy a poder ir a el centro comercial."
ham,El internet estuvo fallando toda la mañana en la reunión.
ham,"Fernanda, te comparto mis apuntes de la clase de mañana."
spam,"Congratulations! You have won $2,500 with GanaYa, claim now at http://gana-hoy.info"
ham,¿Puedes recoger a los niños después de clase? Se me hizo tarde en el trabajo.
spam,"Cliente VIP, tienes acumulado $1,000 en puntos. Canjéalos en http://bit.ly/premio"
spam,"Tu envío no pudo entregarse, reprograma pagando $250 en www.reclama-ya.net"
ham,"Hoy hay tráfico pesado camino a la oficina, sal con tiempo."
ham,"Oye Sofía, ¿tienes en la tarde libre para hablar?"
ham,"Buen provecho, disfruta tu comida en el gimnasio."
ham,Feliz cumpleaños Juan! Que la pases increíble.
ham,"Feliz aniversario, María. Gracias por todo este tiempo juntos."
spam,"Enhorabuena, tu número ganó la lotería de MegaPromo. Contacta al 809-555-0117"
ham,Te dejo el número de mi contador por si lo necesitas: 809-555-0125
ham,"El médico me dio cita el lunes, no voy a poder ir a la universidad."
ham,"Recuerda que la tarea se entrega en 20 minutos, no lo olvides."
ham,"Nos juntamos en el gimnasio el lunes, lleva tu laptop."
ham,"Tranquilo, no pasa nada, lo resolvemos a las 8am."
ham,"Juan dice que la reunión es en el café de siempre, confírmame si puedes ir."
spam,IMPORTANTE: actualiza tu método de pago de ClickPremio en www.oferta-flash.com o perderás el servicio
ham,"Hola María, ¿nos vemos después de clase en tu casa?"
ham,¿Cómo estuvo tu día? Yo saliendo tarde de la oficina.
ham,¿Ya viste el partido de anoche? Estuvo increíble.
ham,"Carlos, ya llegué a la oficina, avísame cuando estés cerca."
spam,"¡No lo pienses más! Gana $2,500 respondiendo esta encuesta: http://claim-now.co"
spam,"Tu envío no pudo entregarse, reprograma pagando $500 en http://bit.ly/premio"
ham,Te dejo el número de mi contador por si lo necesitas: 809-555-0121
ham,"Hola Laura, ¿nos vemos el lunes en la reunión?"
spam,GANADOR: Tu número fue seleccionado para un premio de BancoSeguro. Click aquí: http://gana-hoy.info
spam,"Marca al 809-555-0129 para reclamar tu premio de CryptoBoom, oferta vence hoy"
ham,"Pedro, ya llegué a la oficina, avísame cuando estés cerca."
spam,"Cliente VIP, tienes acumulado $250 en puntos. Canjéalos en http://claim-now.co"
ham,"Gracias por el regalo, no era necesario pero me encantó."
ham,"Hola Ana, ¿nos vemos a las 8am en la oficina?"
ham,"Hola Fernanda, ¿nos vemos mañana en el gimnasio?"
ham,"Oye Jorge, ¿tienes el lunes libre para hablar?"
ham,"María, ya llegué a la universidad, avísame cuando estés cerca."
ham,"Nos juntamos en el centro comercial en 20 minutos, lleva tu laptop."
ham,"Luis, ya llegué a la oficina, avísame cuando estés cerca."
spam,"Solo por hoy: Compra 1 y lleva 2 en ClickPremio, oferta valida en http://gana-hoy.info"
ham,El profesor movió la clase para después de clase.
ham,"Recuerda que la tarea se entrega el sábado, no lo olvides."
ham,"Oye Laura, ¿tienes el lunes libre para hablar?"
ham,"Todo listo para la presentación de el viernes, ¿nervioso?"
ham,"Nos juntamos en la universidad en la tarde, lleva tu laptop."
spam,"Invierte $10,000 hoy y multiplica tus ganancias con ClickPremio. Info: http://bit.ly/premio"
spam,"Solo por hoy: Compra 1 y lleva 2 en GanaYa, oferta valida en www.oferta-flash.com"
spam,"Oferta exclusiva solo hoy: 90% de descuento en TeleMovil, no te la pierdas http://gana-hoy.info"
spam,"Tu suscripción de MegaPromo fue cancelada, reactívala gratis en www.reclama-ya.net"
ham,"Voy a estar fuera de la ciudad a las 8am, cualquier cosa me escribes."
ham,"Miguel dice que la reunión es en el gimnasio, confírmame si puedes ir."
ham,"Hola María, ¿nos vemos después de clase en la reunión?"
spam,Confirma tus datos bancarios para recibir tu reembolso de $250: http://gana-hoy.info
spam,"GRATIS por tiempo limitado: Recarga $1,000 en tu celular. Entra a http://claim-now.co"
ham,"Carlos, ya llegué a la universidad, avísame cuando estés cerca."
spam,100% GRATIS: Descarga la app y gana $500 al instante http://bit.ly/premio
ham,"Oye Pedro, ¿tienes en la tarde libre para hablar?"
spam,CLICK AQUI para reclamar tu premio de GanaYa antes de que caduque: http://bit.ly/premio
spam,IMPORTANTE: actualiza tu método de pago de CryptoBoom en www.oferta-flash.com o perderás el servicio
spam,"Trabaja desde casa y gana $2,500 semanales, inscríbete en www.reclama-ya.net"
ham,"Llámame cuando puedas, es sobre lo de el café de siempre."
spam,GANADOR: Tu número fue seleccionado para un premio de ClickPremio. Click aquí: http://claim-now.co
ham,"Nos juntamos en la reunión en 20 minutos, lleva tu laptop."
spam,Invierte $500 hoy y multiplica tus ganancias con NetFlixPro. Info: http://claim-now.co
spam,"Recibe $5,000 gratis al registrarte hoy en FastLoan: www.reclama-ya.net"
ham,"El médico me dio cita a las 8am, no voy a poder ir a la oficina."
ham,"Pedro, te comparto mis apuntes de la clase de en 20 minutos."
ham,"Ya entregué el pago de $500 de la universidad, guardé el recibo."
spam,"Última oportunidad: tu paquete está retenido, paga $99 de aduana aquí www.oferta-flash.com"
spam,"Tu suscripción de NetFlixPro fue cancelada, reactívala gratis en http://claim-now.co"
ham,"Valentina dice que la reunión es en el gimnasio, confírmame si puedes ir."
spam,Invierte $99 hoy y multiplica tus ganancias con NetFlixPro. Info: http://gana-hoy.info
ham,"María, te comparto mis apuntes de la clase de a las 5."
ham,"Hola Miguel, ¿nos vemos a las 8am en la universidad?"
ham,"Feliz aniversario, Sofía. Gracias por todo este tiempo juntos."
ham,"Luis, te comparto mis apuntes de la clase de el viernes."
spam,"Marca al 809-555-0114 para reclamar tu premio de SuperCredit, oferta vence hoy"
spam,"Invierte $10,000 hoy y multiplica tus ganancias con SuperCredit. Info: www.oferta-flash.com"
spam,"¡No lo pienses más! Gana $10,000 respondiendo esta encuesta: http://free-gift.win"
spam,CLICK AQUI para reclamar tu premio de TeleMovil antes de que caduque: www.reclama-ya.net
ham,"Camila, te comparto mis apuntes de la clase de en la tarde."
ham,"Oye Fernanda, ¿tienes en 20 minutos libre para hablar?"
ham,"Hola Pedro, ¿nos vemos después de clase en la oficina?"
ham,¿Puedes mandarme el archivo del reporte antes de el sábado?
spam,"Enhorabuena, tu número ganó la lotería de AmazPrime. Contacta al 809-555-0145"
ham,"María dice que la reunión es en tu casa, confírmame si puedes ir."
spam,"Invierte $10,000 hoy y multiplica tus ganancias con BancoSeguro. Info: http://free-gift.win"
ham,El profesor movió la clase para mañana.
spam,"Solo por hoy: Compra 1 y lleva 2 en TeleMovil, oferta valida en www.oferta-flash.com"
ham,"Oye Fernanda, ¿tienes después de clase libre para hablar?"
ham,"Camila, ya llegué a tu casa, avísame cuando estés cerca."
spam,¡No lo pienses más! Gana $250 respondiendo esta encuesta: http://claim-now.co
spam,"100% GRATIS: Descarga la app y gana $5,000 al instante http://bit.ly/premio"
ham,"Miguel dice que la reunión es en la reunión, confírmame si puedes ir."
ham,"Todo listo para la presentación de el sábado, ¿nervioso?"
spam,"Congratulations! You have won $250 with TeleMovil, claim now at www.reclama-ya.net"
ham,Te dejo el número de mi contador por si lo necesitas: 809-555-0104
ham,"Llámame cuando puedas, es sobre lo de la universidad."
ham,"Sofía dice que la reunión es en el centro comercial, confírmame si puedes ir."
spam,"Tu envío no pudo entregarse, reprograma pagando $99 en http://free-gift.win"
spam,"Confirma tus datos bancarios para recibir tu reembolso de $10,000: http://bit.ly/premio"
ham,"Diego dice que la reunión es en la universidad, confírmame si puedes ir."
spam,"Se le notifica que tiene una multa pendiente de $99, pague en http://claim-now.co"
ham,Mi mamá pregunta si vienes a comer el sábado.
spam,GANADOR: Tu número fue seleccionado para un premio de GanaYa. Click aquí: www.oferta-flash.com
ham,¿Puedes mandarme el archivo del reporte antes de a las 5?
ham,"Carlos, te comparto mis apuntes de la clase de mañana."
spam,"Confirma tus datos bancarios para recibir tu reembolso de $1,000: http://bit.ly/premio"
ham,"El médico me dio cita después de clase, no voy a poder ir a el café de siempre."
ham,"Oye Luis, ¿tienes a las 5 libre para hablar?"
ham,"Jorge, te comparto mis apuntes de la clase de el viernes."
spam,"Tu suscripción de SuperCredit fue cancelada, reactívala gratis en http://bit.ly/premio"
ham,"Camila dice que la reunión es en la oficina, confírmame si puedes ir."
spam,IMPORTANTE: actualiza tu método de pago de BancoSeguro en http://claim-now.co o perderás el servicio
spam,"Cliente VIP, tienes acumulado $10,000 en puntos. Canjéalos en http://claim-now.co"
ham,"Tranquilo, no pasa nada, lo resolvemos a las 5."
spam,"Últimas horas: crédito preaprobado de $5,000, deposito inmediato http://claim-now.co"
ham,"Oye Pedro, ¿tienes el lunes libre para hablar?"
ham,"Oye Pedro, ¿tienes a las 8am libre para hablar?"
spam,"Últimas horas: crédito preaprobado de $250, deposito inmediato www.oferta-flash.com"
ham,"Feliz aniversario, Luis. Gracias por todo este tiempo juntos."
ham,"Oye Carlos, ¿tienes el sábado libre para hablar?"
ham,"El médico me dio cita el sábado, no voy a poder ir a la universidad."
spam,Confirma tus datos bancarios para recibir tu reembolso de $500: http://claim-now.co
spam,Confirma tus datos bancarios para recibir tu reembolso de $99: http://claim-now.co
spam,"Congratulations! You have won $1,000 with SuperCredit, claim now at www.reclama-ya.net"
ham,Te dejo el número de mi contador por si lo necesitas: 809-555-0109
ham,"Feliz aniversario, Andrés. Gracias por todo este tiempo juntos."
ham,"Oye Camila, ¿tienes el viernes libre para hablar?"
ham,"El vuelo sale el viernes, nos vemos en el aeropuerto."
ham,"Sofía dice que la reunión es en la reunión, confírmame si puedes ir."
ham,"Hola Miguel, ¿nos vemos a las 5 en la reunión?"
ham,"Llámame cuando puedas, es sobre lo de el centro comercial."
spam,"Enhorabuena, tu número ganó la lotería de SuperCredit. Contacta al 809-555-0143"
ham,"El médico me dio cita en 20 minutos, no voy a poder ir a la universidad."
ham,"Pedro dice que la reunión es en el centro comercial, confírmame si puedes ir."
spam,"Tu suscripción de TeleMovil fue cancelada, reactívala gratis en http://claim-now.co"
ham,"Hola Carlos, ¿nos vemos el viernes en el gimnasio?"
ham,Te dejo el número de mi contador por si lo necesitas: 809-555-0136
spam,"Consigue un préstamo de $1,000 en minutos, sin buros. Aplica en http://claim-now.co"
ham,"Oye Fernanda, ¿tienes a las 8am libre para hablar?"
ham,"Oye Diego, ¿tienes en 20 minutos libre para hablar?"
ham,¿Estás libre esta noche o mejor lo dejamos para mañana?
ham,"Laura dice que la reunión es en la oficina, confírmame si puedes ir."
spam,"Invierte $5,000 hoy y multiplica tus ganancias con FastLoan. Info: http://free-gift.win"
ham,"Luis dice que la reunión es en el gimnasio, confírmame si puedes ir."
ham,"Hola Luis, ¿nos vemos después de clase en la oficina?"
spam,"Tu envío no pudo entregarse, reprograma pagando $250 en http://gana-hoy.info"
ham,"Hola María, ¿nos vemos después de clase en la oficina?"
ham,Mi mamá pregunta si vienes a comer mañana.
ham,"Andrés, ya llegué a tu casa, avísame cuando estés cerca."
ham,Te dejo el número de mi contador por si lo necesitas: 809-555-0130
ham,"Sofía, ya llegué a el gimnasio, avísame cuando estés cerca."
spam,"Trabaja desde casa y gana $99 semanales, inscríbete en www.reclama-ya.net"
ham,"Oye Pedro, ¿tienes mañana libre para hablar?"
ham,"Perdón por no contestar antes, estaba en la universidad."
spam,"Marca al 809-555-0145 para reclamar tu premio de CryptoBoom, oferta vence hoy"
ham,"Camila, ya llegué a la universidad, avísame cuando estés cerca."
ham,"Hola Valentina, ¿nos vemos en 20 minutos en el gimnasio?"
ham,"Nos juntamos en la universidad a las 5, lleva tu laptop."
spam,"100% GRATIS: Descarga la app y gana $1,000 al instante http://claim-now.co"
ham,"Nos juntamos en la oficina después de clase, lleva tu laptop."
spam,"Últimas horas: crédito preaprobado de $2,500, deposito inmediato www.reclama-ya.net"
ham,"Miguel, te comparto mis apuntes de la clase de en 20 minutos."
spam,"Se le notifica que tiene una multa pendiente de $250, pague en http://gana-hoy.info"
spam,"FREE GIFT esperándote, no te lo pierdas, reclama en http://free-gift.win ahora"
ham,"El médico me dio cita después de clase, no voy a poder ir a el centro comercial."
ham,Feliz cumpleaños Carlos! Que la pases increíble.
spam,"Marca al 809-555-0127 para reclamar tu premio de GanaYa, oferta vence hoy"
spam,"100% GRATIS: Descarga la app y gana $2,500 al instante http://free-gift.win"
ham,"Ana dice que la reunión es en el centro comercial, confírmame si puedes ir."
ham,"Nos juntamos en tu casa el lunes, lleva tu laptop."
ham,"María, ya llegué a el centro comercial, avísame cuando estés cerca."
ham,¿Puedes mandarme el archivo del reporte antes de a las 8am?
ham,¿Qué opinas del nuevo horario de el viernes? A mí me acomoda bien.
ham,"Carlos, ya llegué a la reunión, avísame cuando estés cerca."
spam,"Tu envío no pudo entregarse, reprograma pagando $5,000 en http://claim-now.co"
spam,"¡FELICIDADES! Has ganado un premio de $1,000. Reclama ahora en http://free-gift.win"
spam,"Señora/Señor, adeuda $2,500 al SAT, regularice en www.reclama-ya.net o proceda legal"
spam,"Cliente VIP, tienes acumulado $2,500 en puntos. Canjéalos en http://free-gift.win"
ham,"Ana, te comparto mis apuntes de la clase de a las 5."
ham,"Hoy hay tráfico pesado camino a tu casa, sal con tiempo."
ham,"Nos juntamos en tu casa después de clase, lleva tu laptop."
ham,"Hola Juan, ¿nos vemos a las 8am en el café de siempre?"
ham,"Buen provecho, disfruta tu comida en tu casa."
ham,¿Puedes mandarme el archivo del reporte antes de mañana?
spam,"¡No lo pienses más! Gana $1,000 respondiendo esta encuesta: http://free-gift.win"
ham,"Laura, ya llegué a tu casa, avísame cuando estés cerca."
ham,"Hola Jorge, ¿nos vemos en la tarde en el centro comercial?"
ham,"Hola Ana, ¿nos vemos después de clase en tu casa?"
ham,"Hola María, ¿nos vemos en 20 minutos en el gimnasio?"
spam,¡FELICIDADES! Has ganado un premio de $99. Reclama ahora en www.oferta-flash.com
ham,"Hola Juan, ¿nos vemos en 20 minutos en el café de siempre?"
ham,"Hoy hay tráfico pesado camino a el centro comercial, sal con tiempo."
spam,"Solo por hoy: Compra 1 y lleva 2 en FastLoan, oferta valida en http://bit.ly/premio"
spam,"Aprovecha ya! Créditos aprobados al instante hasta $500, sin aval: http://bit.ly/premio"
ham,"Buen provecho, disfruta tu comida en la reunión."
ham,¿Puedes mandarme el archivo del reporte antes de después de clase?
ham,"Ya entregué el pago de $250 de la universidad, guardé el recibo."
spam,CLICK AQUI para reclamar tu premio de AmazPrime antes de que caduque: http://claim-now.co
ham,"Hola Ana, ¿nos vemos a las 8am en el centro comercial?"
spam,"Últimas horas: crédito preaprobado de $1,000, deposito inmediato http://free-gift.win"
ham,"Diego dice que la reunión es en el café de siempre, confírmame si puedes ir."
spam,"Se le notifica que tiene una multa pendiente de $1,000, pague en http://bit.ly/premio"
spam,"Cliente VIP, tienes acumulado $500 en puntos. Canjéalos en http://free-gift.win"
ham,"El médico me dio cita mañana, no voy a poder ir a el centro comercial."
ham,¿Me prestas $99 hasta el viernes? Te los devuelvo con la quincena.
ham,"Actualicé el documento compartido, revisa los cambios cuando puedas."
ham,"Sofía dice que la reunión es en la universidad, confírmame si puedes ir."
ham,"Nos juntamos en la universidad mañana, lleva tu laptop."
ham,Te dejo el número de mi contador por si lo necesitas: 809-555-0140
ham,"Diego, ya llegué a tu casa, avísame cuando estés cerca."
spam,"Tu suscripción de MegaPromo fue cancelada, reactívala gratis en http://free-gift.win"
ham,"¿Me prestas $5,000 hasta el viernes? Te los devuelvo con la quincena."
spam,"Oferta exclusiva solo hoy: 90% de descuento en SuperCredit, no te la pierdas http://gana-hoy.info"
ham,"Hola Laura, ¿nos vemos después de clase en la universidad?"
ham,"El vuelo sale el lunes, nos vemos en el aeropuerto."
ham,¿Vamos a comer algo mañana? Tengo hambre.
spam,IMPORTANTE: actualiza tu método de pago de TeleMovil en http://bit.ly/premio o perderás el servicio
ham,"Tranquilo, no pasa nada, lo resolvemos mañana."
ham,"Laura dice que la reunión es en el café de siempre, confírmame si puedes ir."
ham,"¿Me prestas $1,000 hasta el viernes? Te los devuelvo con la quincena."
ham,Mi mamá pregunta si vienes a comer el viernes.
ham,"Andrés, te comparto mis apuntes de la clase de mañana."
spam,"Última oportunidad: tu paquete está retenido, paga $10,000 de aduana aquí www.reclama-ya.net"
ham,"El médico me dio cita el viernes, no voy a poder ir a el centro comercial."
ham,"Diego, te comparto mis apuntes de la clase de en 20 minutos."
spam,"Última oportunidad: tu paquete está retenido, paga $500 de aduana aquí http://claim-now.co"
ham,"Hola Valentina, ¿nos vemos a las 5 en el centro comercial?"
spam,URGENTE: Tu cuenta de BancoSeguro será suspendida. Verifica ya en www.reclama-ya.net
spam,IMPORTANTE: actualiza tu método de pago de AmazPrime en www.reclama-ya.net o perderás el servicio
spam,"Tu envío no pudo entregarse, reprograma pagando $1,000 en http://free-gift.win"
ham,¿Estás libre esta noche o mejor lo dejamos para el sábado?
ham,"Oye Luis, ¿tienes mañana libre para hablar?"
ham,"Oye Jorge, ¿tienes el sábado libre para hablar?"
ham,¿Puedes recoger a los niños a las 8am? Se me hizo tarde en el trabajo.
ham,"Ana, ya llegué a la oficina, avísame cuando estés cerca."
spam,Recibe $500 gratis al registrarte hoy en MegaPromo: http://bit.ly/premio
spam,"Última oportunidad: tu paquete está retenido, paga $500 de aduana aquí http://gana-hoy.info"
spam,CLICK AQUI para reclamar tu premio de SuperCredit antes de que caduque: www.reclama-ya.net
ham,"Hola Fernanda, ¿nos vemos el sábado en el café de siempre?"
ham,"Nos juntamos en el café de siempre el viernes, lleva tu laptop."
ham,"Oye Valentina, ¿tienes mañana libre para hablar?"
ham,"Hola Miguel, ¿nos vemos el lunes en la universidad?"
spam,"¡FELICIDADES! Has ganado un premio de $2,500. Reclama ahora en www.reclama-ya.net"
ham,"Voy a estar fuera de la ciudad el lunes, cualquier cosa me escribes."
spam,"Marca al 809-555-0157 para reclamar tu premio de MegaPromo, oferta vence hoy"
ham,"Nos juntamos en tu casa a las 5, lleva tu laptop."
spam,"¡No lo pienses más! Gana $1,000 respondiendo esta encuesta: www.oferta-flash.com"
spam,"Consigue un préstamo de $500 en minutos, sin buros. Aplica en http://free-gift.win"
ham,"Juan, te comparto mis apuntes de la clase de el viernes."
ham,"Fernanda, ya llegué a el gimnasio, avísame cuando estés cerca."
ham,Mi mamá pregunta si vienes a comer a las 5.
ham,"Carlos, te comparto mis apuntes de la clase de a las 8am."
spam,"Cliente VIP, tienes acumulado $99 en puntos. Canjéalos en www.oferta-flash.com"
ham,"Diego, te comparto mis apuntes de la clase de después de clase."
ham,"María dice que la reunión es en el centro comercial, confírmame si puedes ir."
spam,¡No lo pienses más! Gana $250 respondiendo esta encuesta: http://free-gift.win
spam,"Recibe $2,500 gratis al registrarte hoy en TeleMovil: www.oferta-flash.com"
ham,¿Puedes mandarme el archivo del reporte antes de el lunes?
ham,"Voy a estar fuera de la ciudad en 20 minutos, cualquier cosa me escribes."
ham,"Miguel dice que la reunión es en la oficina, confírmame si puedes ir."
ham,"El médico me dio cita a las 8am, no voy a poder ir a el gimnasio."
spam,"Se le notifica que tiene una multa pendiente de $500, pague en www.reclama-ya.net"
spam,"Recibe $2,500 gratis al registrarte hoy en AmazPrime: http://gana-hoy.info"
ham,"Hola Luis, ¿nos vemos mañana en el centro comercial?"
spam,"Solo por hoy: Compra 1 y lleva 2 en MegaPromo, oferta valida en http://claim-now.co"
ham,¿Puedes recoger a los niños a las 5? Se me hizo tarde en el trabajo.
ham,"El médico me dio cita en 20 minutos, no voy a poder ir a el gimnasio."
spam,Invierte $99 hoy y multiplica tus ganancias con SuperCredit. Info: http://gana-hoy.info
ham,"Juan, te comparto mis apuntes de la clase de mañana."
ham,"Nos juntamos en tu casa en 20 minutos, lleva tu laptop."
ham,"El médico me dio cita en la tarde, no voy a poder ir a la oficina."
ham,El internet estuvo fallando toda la mañana en el centro comercial.
ham,Feliz cumpleaños Camila! Que la pases increíble.
spam,"¡FELICIDADES! Has ganado un premio de $5,000. Reclama ahora en http://free-gift.win"
ham,"Feliz aniversario, Juan. Gracias por todo este tiempo juntos."
ham,"El médico me dio cita a las 8am, no voy a poder ir a la universidad."
ham,"Hola Sofía, ¿nos vemos a las 5 en el centro comercial?"
ham,¿Qué opinas del nuevo horario de el lunes? A mí me acomoda bien.
ham,"Nos juntamos en el gimnasio en 20 minutos, lleva tu laptop."
